<?xml version="1.0" encoding="UTF-8"?>
<!DOCTYPE mapper
PUBLIC "-//mybatis.org//DTD Mapper 3.0//EN"
"http://mybatis.org/dtd/mybatis-3-mapper.dtd">
<mapper namespace="sist.com.bean.BookBean">

	<select id="selectBookByCode" parameterType="java.lang.String" resultType="book">
	SELECT BCODE,BNAME,BIMAGE,LCCODE,SCCODE,BWRITER,BPREVIEW,BPCODE,BPRICE,BCOST,BSTOCK
	FROM BOOK
	WHERE BCODE=#{bcode}
	</select>

	<select id="selectScname" parameterType="java.lang.String" resultType="java.lang.String">
		SELECT SCNAME FROM SCATEGORY
		WHERE SCCODE=#{VALUE}
	</select>
	
	<select id="selectLcname" parameterType="java.lang.String" resultType="java.lang.String">
		SELECT LCNAME FROM LCATEGORY
		WHERE LCCODE=#{VALUE}	
	</select>
	
	<select id="selectBookByCategory" parameterType="java.util.HashMap" resultType="book">
		SELECT * FROM BOOK
		WHERE
		<if test="lccode!=null and sccode!=null">
			LCCODE=#{lccode} AND SCCODE=#{sccode}
		</if>
		<if test="lccode!=null and sccode==null">
			LCCODE=#{lccode}
		</if>
		<if test="lccode==null and sccode!=null">
			SCCODE=#{sccode}
		</if>
	</select>
	
</mapper>


























