<?xml version="1.0" encoding="UTF-8"?>
<!DOCTYPE mapper
PUBLIC "-//mybatis.org//DTD Mapper 3.0//EN"
"http://mybatis.org/dtd/mybatis-3-mapper.dtd">
<mapper namespace="sist.com.bean.CustomerBean">

	<select id="selectTorderList" parameterType="java.lang.String" resultType="torder">
		SELECT TOD.TOCODE TOCODE, TOD.CID CID, T.TNAME TCODE, TOD.TSEAT TSEAT, TOD.REGDATE REGDATE
		FROM TORDER TOD, TICKET T
		WHERE TOD.CID=#{VALUE} AND TOD.TCODE=T.TCODE 
		ORDER BY TOCODE DESC
	</select>

	<update id="updatePoint" parameterType="java.util.HashMap">
		UPDATE CUSTOMER SET POINT=#{point}
		WHERE CID=#{cid}
	</update>

	<select id="selectZipcode" parameterType="java.lang.String" resultType="zipcode">
		SELECT *FROM ZIPCODE
		WHERE SEQ=#{VALUE}
	</select>

	<select id="selectGname" parameterType="java.lang.String" resultType="java.lang.String">
		SELECT GNAME FROM GRADE
		WHERE GCODE=#{VALUE}
	</select>

	<select id="selectCustomer" parameterType="java.lang.String" resultType="customer">
		SELECT *FROM CUSTOMER
		WHERE CID=#{VALUE}
	</select>

	<select id="loginCheck" parameterType="java.lang.String" resultType="java.lang.String">
		SELECT CPW FROM CUSTOMER
		WHERE CID=#{VALUE}
	</select>
	
	<insert id="insertCustomer" parameterType="customer">
		INSERT INTO CUSTOMER
		VALUES(#{cid},#{cpw},#{cname},#{age},#{birthDate},#{gender},#{seq},'G001',0,#{cid}||'WL',sysdate)
	</insert>
	
	<select id="selectZipcodeByDong" parameterType="java.lang.String" resultType="zipcode">
		SELECT * FROM ZIPCODE
		WHERE DONG LIKE '%'||#{VALUE}||'%'
	</select>
	
	<!-- 도서구매 프로세스에 사용  -->
	<select id="getWcode" parameterType="java.lang.String" resultType="java.lang.String">
		SELECT WCODE FROM CUSTOMER
		WHERE CID=#{cid}
	</select>
	
	<select id="getPoint" parameterType="java.lang.String" resultType="int">
	 SELECT POINT FROM CUSTOMER
	 WHERE CID=#{cid}
	</select>
	
	<update id="usePoint" parameterType="customer">
	UPDATE CUSTOMER SET point=#{point} WHERE CID=#{cid}
	</update>
	
	<!-- TJ's code -->
	<sql id="customersql">
	SELECT CID, CPW, CNAME, AGE, BIRTHDATE, GENDER, SEQ, GCODE, POINT, WCODE, JDATE FROM CUSTOMER
	</sql>
	
	<select id="selectcustomerInfo" parameterType="String" resultType="customer">
		SELECT CID, CPW, CNAME, AGE, BIRTHDATE, GENDER, SEQ, GCODE, POINT, WCODE, JDATE,GNAME, SIDO, GUGUN, DONG FROM
		(SELECT C.CID CID, C.CPW CPW, C.CNAME CNAME, C.AGE AGE, C.BIRTHDATE BIRTHDATE, 
			C.GENDER GENDER, C.SEQ SEQ, C.GCODE GCODE, C.POINT POINT, C.WCODE , C.JDATE JDATE, 
			G.GNAME GNAME, Z.SIDO SIDO, Z.GUGUN GUGUN, Z.DONG DONG
			FROM CUSTOMER C, GRADE G,ZIPCODE Z
			WHERE C.GCODE = G.GCODE
			AND C.SEQ = Z.SEQ)
		<where>		
		CID=#{VALUE}
		</where>
	</select>
	
	
	
	<select id="getZipcode" resultType="zipcode" parameterType="java.lang.String">
		SELECT * FROM ZIPCODE
		WHERE SEQ=#{VALUE}
	</select>
	
	<select id="getGname" resultType="java.lang.String" parameterType="java.lang.String">
		SELECT GNAME FROM GRADE
		WHERE GCODE=#{VALUE}
	</select>
	
	<select id="selectBorder" resultType="customer" parameterType="java.lang.String">
		SELECT DISTINCT BOCODE, REGDATE,CID
		FROM BORDER
		WHERE CID=#{VALUE} 
		ORDER BY BOCODE
	</select>
	<select id="selectBorder2" resultType="customer" parameterType="java.lang.String">
		SELECT BNAME, BPRICE,BOCODE, BAMOUNT, REGDATE, CID, CNAME, SIDO, GUGUN, DONG,BPRICE*BAMOUNT APRICE
		FROM(SELECT B.BNAME BNAME,B.BPRICE BPRICE,O.BOCODE BOCODE, O.BAMOUNT BAMOUNT,O.REGDATE REGDATE, 
					C.CID CID, C.CNAME CNAME, Z.SIDO SIDO, Z.GUGUN GUGUN, Z.DONG DONG
                        FROM BOOK B, BORDER O, CUSTOMER C, ZIPCODE Z
                        WHERE B.BCODE=O.BCODE AND C.CID=O.CID AND C.SEQ=Z.SEQ) 
                        WHERE CID=#{cid} 
	</select>
	
	<select id=""></select>
	<!-- //TJ's code -->
	
</mapper>























