<?xml version="1.0" encoding="UTF-8"?>
<!DOCTYPE mapper
PUBLIC "-//mybatis.org//DTD Mapper 3.0//EN"
"http://mybatis.org/dtd/mybatis-3-mapper.dtd">
<mapper namespace="sist.com.bean.TicketBean">
	
	<update id="updateSeat" parameterType="java.util.HashMap">
		UPDATE SEAT SET SOLD=1
		WHERE TCODE=#{tcode} AND TSEAT=#{tseat}
	</update>

	<insert id="insertTorder" parameterType="torder">
		INSERT INTO TORDER VALUES(#{tocode}, #{cid}, #{tcode}, #{tseat}, SYSDATE)
	</insert>
	
	<select id="selectTocode" resultType="java.lang.String">
		SELECT 'TO'||TORDER_SEQ.NEXTVAL FROM DUAL
	</select>

	<select id="selectSoldSeat" parameterType="java.lang.String" resultType="java.lang.String">
		SELECT TSEAT FROM SEAT
		WHERE TCODE=#{VALUE} AND SOLD=1
	</select>

	<select id="selectTicketByCode" parameterType="java.lang.String" resultType="ticket">
		SELECT * FROM TICKET
		WHERE TCODE=#{VALUE}
	</select>

	<select id="selectTcname" parameterType="java.lang.String" resultType="java.lang.String">
		SELECT TCNAME FROM TCATEGORY
		WHERE TCCODE=#{VALUE}
	</select>

	<select id="selectTicketByTCategory" parameterType="java.lang.String" resultType="ticket">
		SELECT * FROM TICKET
		WHERE TCCODE=#{VALUE}
	</select>
	
	<select id="selectAllTicket" resultType="ticket">
		SELECT * FROM TICKET
	</select>
	
</mapper>























