<?xml version="1.0" encoding="UTF-8"?>
<!DOCTYPE mapper
PUBLIC "-//mybatis.org//DTD Mapper 3.0//EN"
"http://mybatis.org/dtd/mybatis-3-mapper.dtd">
<mapper namespace="sist.com.bean.WishListBean">

	<select id="showCartList" parameterType="java.lang.String" resultType="wishlist">
		SELECT B.BCODE,B.BNAME,B.BIMAGE,W.WCODE,W.WAMOUNT,B.BPRICE
		FROM BOOK B, WISHLIST W
		WHERE B.BCODE=W.BCODE AND W.WCODE=#{VALUE}
	</select>

	<select id="loginCrudCheck" parameterType="String" resultType="String">
	 SELECT PW FROM ADMINMEMBER
	 WHERE ID=#{VALUE}
	</select>
	
	<insert id="addBookToCart" parameterType="wishlist">
   INSERT INTO wishlist VALUES(#{wcode},#{bcode},#{wamount})
   </insert>
   
   <delete id="deleteBookFromCart" parameterType="wishlist">
   DELETE FROM WISHLIST WHERE WCODE=#{wcode} 
   <if test="bcode!=null">
   AND BCODE=#{bcode}
   </if>
   </delete>
   
   <update id="modifyBookQtyFromCart" parameterType="wishlist">
   UPDATE WISHLIST SET wamount=#{wamount} WHERE WCODE=#{wcode} and BCODE=#{bcode}
   </update>
   
   <select id="isExist" parameterType="wishlist" resultType="wishlist">
  	SELECT * FROM WISHLIST WHERE WCODE=#{wcode} AND BCODE=#{bcode}
   </select>
   
</mapper>






















