<?xml version="1.0" encoding="UTF-8"?>
<beans:beans xmlns="http://www.springframework.org/schema/mvc"
	xmlns:xsi="http://www.w3.org/2001/XMLSchema-instance"
	xmlns:beans="http://www.springframework.org/schema/beans"
	xmlns:context="http://www.springframework.org/schema/context"
	xmlns:tx="http://www.springframework.org/schema/tx"
	xsi:schemaLocation="http://www.springframework.org/schema/mvc http://www.springframework.org/schema/mvc/spring-mvc.xsd
		http://www.springframework.org/schema/beans http://www.springframework.org/schema/beans/spring-beans.xsd
		http://www.springframework.org/schema/context http://www.springframework.org/schema/context/spring-context.xsd
		http://www.springframework.org/schema/tx http://www.springframework.org/schema/tx/spring-tx-4.3.xsd">

	<!-- DispatcherServlet Context: defines this servlet's request-processing infrastructure -->
	
	<!-- Enables the Spring MVC @Controller programming model -->
	<annotation-driven />

	<!-- Handles HTTP GET requests for /resources/** by efficiently serving up static resources in the ${webappRoot}/resources directory -->
	<resources mapping="/resources/**" location="/resources/" />

	<!-- Resolves views selected for rendering by @Controllers to .jsp resources in the /WEB-INF/views directory -->
	<beans:bean class="org.springframework.web.servlet.view.InternalResourceViewResolver">
		<beans:property name="prefix" value="/" />
		<beans:property name="suffix" value=".jsp" />
	</beans:bean>
	
	<!-- DB 로그인 -->
	<beans:bean id="ds" class="org.apache.commons.dbcp2.BasicDataSource">
 	<beans:property name="driverClassName" value= "oracle.jdbc.OracleDriver"></beans:property>
 	<beans:property name="url" value="jdbc:oracle:thin:@localhost:1521:orcl"></beans:property>
 	<beans:property name="username" value="scott"/>
 	<beans:property name="password" value="tiger"/>
 	</beans:bean>
 	
 	<!-- 콘솔에 쿼리 출력용 -->
 	<beans:bean id="dataSource" class="net.sf.log4jdbc.Log4jdbcProxyDataSource">
	<beans:constructor-arg ref="ds" /> <!--DS를 참조함 -->
	<beans:property name="logFormatter">
	<beans:bean class="net.sf.log4jdbc.tools.Log4JdbcCustomFormatter">
	<beans:property name="loggingType" value="MULTI_LINE" />
	<beans:property name="sqlPrefix" value="SQL              :" />
	</beans:bean>
	</beans:property>
	</beans:bean>
	
	<beans:bean id ="transactionManager" class="org.springframework.jdbc.datasource.DataSourceTransactionManager">
 		<beans:property name="dataSource" ref="dataSource"></beans:property>
 	</beans:bean>
 	
 	<tx:annotation-driven transaction-manager="transactionManager"/>
 	
 	
 	<beans:bean id="ssf" class="org.mybatis.spring.SqlSessionFactoryBean">
 		<beans:property name="dataSource" ref="dataSource"></beans:property> <!-- dataSource를 참조함 -->
 		<beans:property name="configLocation" value="/WEB-INF/Config.xml"></beans:property>
 	</beans:bean>
 	
 	<beans:bean id="customerDao" class="sist.com.dao.CustomerDao" scope="singleton">
 		<beans:property name="sqlSessionFactory" ref="ssf"></beans:property> <!-- ssf를 참조함 -->
 	</beans:bean>
 	<beans:bean id="bookDao" class="sist.com.dao.BookDao" scope="singleton">
 		<beans:property name="sqlSessionFactory" ref="ssf"></beans:property> <!-- ssf를 참조함 -->
 	</beans:bean>
 	<beans:bean id="ticketDao" class="sist.com.dao.TicketDao" scope="singleton">
 		<beans:property name="sqlSessionFactory" ref="ssf"></beans:property> <!-- ssf를 참조함 -->
 	</beans:bean>
 	<beans:bean id="wishListDao" class="sist.com.dao.WishListDao" scope="singleton">
 		<beans:property name="sqlSessionFactory" ref="ssf"></beans:property> <!-- ssf를 참조함 -->
 	</beans:bean>
	
	<context:component-scan base-package="sist.com.web" />
	
</beans:beans>
